{
  "screen_to_camera_matrix" : {
    "data" : [ -0.8055290244240214, 0.26825894000503847, 1106.9592286357915, 0.0481144548657849, -0.6119797315467685, 583.4168710666664, 6.33984104234441E-5, 4.1042321976065015E-4, 0.9999999999999999 ],
    "rows" : 3,
    "type" : 6,
    "cols" : 3
  },
  "image_size" : [ 1280.0, 720.0 ],
  "screen_size" : [ 1280.0, 720.0 ],
  "projection_corners" : [ 1106.959228515625, 583.4168701171875, 70.93567657470703, 596.58056640625, 195.87962341308594, 148.92071533203125, 1003.662353515625, 110.72818756103516 ]
}