{
  "screen_to_camera_matrix" : {
    "data" : [ -0.33191128445608087, 0.04976546777150811, 480.7623434467093, 0.007647936569601211, -0.3063026220894701, 322.10213120173694, 4.589834320432717E-5, 1.359435954817056E-4, 1.0 ],
    "rows" : 3,
    "type" : 6,
    "cols" : 3
  },
  "image_size" : [ 640.0, 480.0 ],
  "screen_size" : [ 1280.0, 720.0 ],
  "projection_corners" : [ 480.7623291015625, 322.1021423339844, 53.128929138183594, 313.4812316894531, 79.57921600341797, 96.5476303100586, 470.55047607421875, 92.79995727539062 ]
}